<?xml version="1.0" encoding="UTF-8"?>
<metadata xml:lang="en"><Esri><CreaDate>20190206</CreaDate><CreaTime>06510300</CreaTime><ArcGISFormat>1.0</ArcGISFormat><ArcGISstyle>ISO 19139 Metadata Implementation Specification</ArcGISstyle><SyncOnce>TRUE</SyncOnce><DataProperties><lineage><Process ToolSource="c:\arcgis\desktop10.2\ArcToolbox\Toolboxes\Data Management Tools.tbx\AlterField" Date="20160523" Time="120249">AlterField D:\ESRI\NHD\NHDv2.2.1_Mar2016\NHDv2.2.1_04_15_16_10x_052016a.gdb\NHDMetadata AttributeAccuracyreport AttributeAccuracyReport AttributeAccuracyReport</Process></lineage><itemProps><itemLocation><linkage Sync="TRUE">file://\\IGSKBTHILT153\D$\ESRI\NHD\NHDv2.2.1_Mar2016\Staged Product Templates\NEW_BP_File_Template_C_NHD_101v221_production_1.gdb</linkage><protocol Sync="TRUE">Local Area Network</protocol></itemLocation></itemProps></DataProperties></Esri></metadata>
